Winner,Year,State,Democratic,Republican,Independent
dem,2016,Nationwide,48.03376878,45.94146515,3.274455733
rep,2016,Alabama,34.35794576,62.08309236,2.094169086
rep,2016,Alaska,36.55087129,51.28151208,5.877128007
rep,2016,Arizona,44.58041884,48.08314492,4.082188173
rep,2016,Arkansas,33.65312413,60.57410216,2.638251956
dem,2016,California,61.48236634,31.49210936,3.360752202
dem,2016,Colorado,48.15651271,43.25097734,5.183748063
dem,2016,Connecticut,54.5663011,40.92691438,2.959171267
dem,2016,Delaware,53.08597746,41.71274453,3.325041571
rep,2016,Florida,47.41271933,48.6010539,2.179029106
rep,2016,Georgia,45.34559797,50.44384267,3.025658919
dem,2016,Hawaii,62.22149173,30.03867701,3.719427328
rep,2016,Idaho,27.48492613,59.24615422,4.103367018
dem,2016,Illinois,55.24663861,38.35991935,3.746518853
rep,2016,Indiana,37.46158209,56.46784353,4.858642381
rep,2016,Iowa,41.74048917,51.14732722,3.779363244
rep,2016,Kansas,35.73996342,56.16364861,4.637436127
rep,2016,Kentucky,32.68218833,62.51963855,2.793546654
rep,2016,Louisiana,38.4495661,58.08868465,1.871729968
dem,2016,Maine,47.83020268,44.86975333,5.094748552
dem,2016,Maryland,60.32574424,33.90930473,2.862000557
dem,2016,Massachusetts,60.00506459,32.80835814,4.150859868
rep,2016,Michigan,47.02978281,47.25166139,3.568132729
dem,2016,Minnesota,46.44199627,44.92792251,3.836165084
rep,2016,Mississippi,40.05745247,57.85822335,1.191903479
rep,2016,Missouri,37.87807147,56.3895118,3.443078461
rep,2016,Montana,35.41275592,55.64522879,5.587040823
rep,2016,Nebraska,33.69875638,58.74735113,4.613214218
dem,2016,Nevada,47.91782368,45.50069532,3.321885399
dem,2016,New Hampshire,46.82626267,46.45866698,4.135048422
dem,2016,New Jersey,54.98925826,41.00451964,1.855186559
dem,2016,New Mexico,48.25564718,40.04251433,9.337244886
dem,2016,New York,59.00604459,36.51558845,2.287108398
rep,2016,North Carolina,46.17286617,49.8280947,2.744368736
rep,2016,North Dakota,27.22673946,62.95562783,6.224300151
rep,2016,Ohio,43.24305774,51.31383784,3.151758647
rep,2016,Oklahoma,28.93168028,65.32286482,5.745454896
dem,2016,Oregon,50.071852,39.09403518,4.708404786
rep,2016,Pennsylvania,47.45548192,48.17372575,2.379146215
dem,2016,Rhode Island,54.40660657,38.8980575,3.177031266
rep,2016,South Carolina,40.67341979,54.93933269,2.339675144
rep,2016,South Dakota,31.73742816,61.53075038,5.633719092
rep,2016,Tennessee,34.7163328,60.72203369,2.806867709
rep,2016,Texas,43.23525798,52.23468558,3.160718662
rep,2016,Utah,27.16646803,45.05338838,3.46344573
dem,2016,Vermont,56.67778599,30.26943476,3.198684724
dem,2016,Virginia,49.75135283,44.42764701,2.969655153
dem,2016,Washington,52.53904436,36.83293558,4.850141514
rep,2016,West Virginia,26.17663412,67.85218605,3.189546761
rep,2016,Wisconsin,46.45384137,47.21818457,3.584295146
rep,2016,Wyoming,21.87735735,68.17263308,5.193297609
dem,2016,Washington DC,90.86382153,4.087474459,1.57613375
dem,2012,Nationwide,51.00647842,47.14987728,0
rep,2012,Alabama,38.3590331,60.54582233,0
rep,2012,Alaska,40.81265911,54.8015774,0
rep,2012,Arizona,44.44854868,53.48460629,0
rep,2012,Arkansas,36.8789903,60.56693608,0
dem,2012,California,60.15928535,37.07128203,0
dem,2012,Colorado,51.44561533,46.08530215,0
dem,2012,Connecticut,58.05728441,40.72494232,0
dem,2012,Delaware,58.60635242,39.97960964,0
dem,2012,Florida,49.90189204,49.02686297,0
rep,2012,Georgia,45.38535128,53.18556155,0
dem,2012,Hawaii,70.54523036,27.83893149,0
rep,2012,Idaho,32.40039468,64.09076928,0
dem,2012,Illinois,57.4988308,40.65969054,0
rep,2012,Indiana,43.83639628,54.03701964,0
dem,2012,Iowa,51.98801653,46.17786851,0
rep,2012,Kansas,38.04596568,59.65895037,0
rep,2012,Kentucky,37.78375216,60.46501539,0
rep,2012,Louisiana,40.57746362,57.78457573,0
dem,2012,Maine,56.26994588,40.98208026,0
dem,2012,Maryland,61.97419078,35.89773234,0
dem,2012,Massachusetts,60.6661096,37.51727952,0
dem,2012,Michigan,54.04421961,44.57566156,0
dem,2012,Minnesota,52.65230315,44.95820111,0
rep,2012,Mississippi,43.78935954,55.28584674,0
rep,2012,Missouri,44.28124872,53.63989942,0
rep,2012,Montana,41.66061212,55.30172307,0
rep,2012,Nebraska,38.02731442,59.80319218,0
dem,2012,Nevada,52.35624947,45.67531564,0
dem,2012,New Hampshire,51.97968415,46.40379649,0
dem,2012,New Jersey,58.24509605,40.5010216,0
dem,2012,New Mexico,52.99282813,42.8433813,0
dem,2012,New York,63.34610175,35.16886732,0
rep,2012,North Carolina,48.35096858,50.3930641,0
rep,2012,North Dakota,38.69081013,58.32214911,0
dem,2012,Ohio,50.57668361,47.60272613,0
rep,2012,Oklahoma,33.22768026,66.77231974,0
dem,2012,Oregon,54.23932665,42.14987118,0
dem,2012,Pennsylvania,51.96013372,46.57623652,0
dem,2012,Rhode Island,62.70095886,35.24366157,0
rep,2012,South Carolina,44.08803341,54.56113126,0
rep,2012,South Dakota,39.86614076,57.88931188,0
rep,2012,Tennessee,39.03886539,59.42247239,0
rep,2012,Texas,41.35396921,57.12637939,0
rep,2012,Utah,24.6667274,72.54660527,0
dem,2012,Vermont,66.5705503,30.97263524,0
dem,2012,Virginia,51.1564568,47.2831029,0
dem,2012,Washington,55.7984563,41.02629469,0
rep,2012,West Virginia,35.45041875,62.1400377,0
dem,2012,Wisconsin,52.82776165,45.88549077,0
rep,2012,Wyoming,27.81888774,68.64262169,0
dem,2012,Washington DC,90.91311393,7.278291418,0
dem,2008,Nationwide,52.8618464,45.59871725,0
rep,2008,Alabama,38.74043429,60.31691303,0
rep,2008,Alaska,37.8893736,59.42451954,0
rep,2008,Arizona,44.91231588,53.39398864,0
rep,2008,Arkansas,38.86465977,58.7159045,0
dem,2008,California,60.91748832,36.89722723,0
dem,2008,Colorado,53.66035357,44.70730747,0
dem,2008,Connecticut,60.58885361,38.2214401,0
dem,2008,Delaware,61.91204413,36.9287667,0
dem,2008,Florida,50.90633324,48.09914068,0
rep,2008,Georgia,46.89849696,52.1026622,0
dem,2008,Hawaii,71.84611789,26.58168125,0
rep,2008,Idaho,35.90835503,61.20579418,0
dem,2008,Illinois,61.830693,36.72899195,0
dem,2008,Indiana,49.84437678,48.81447028,0
dem,2008,Iowa,53.92802007,44.39325936,0
rep,2008,Kansas,41.55107101,56.47511892,0
rep,2008,Kentucky,41.1463312,57.36865058,0
rep,2008,Louisiana,39.9329138,58.56272131,0
dem,2008,Maine,57.7057373,40.38401834,0
dem,2008,Maryland,61.91934476,36.47451965,0
dem,2008,Massachusetts,61.79991425,35.98926217,0
dem,2008,Michigan,57.32997166,40.88605251,0
dem,2008,Minnesota,54.0602927,43.82293104,0
rep,2008,Mississippi,42.99908755,56.17296632,0
rep,2008,Missouri,49.22691561,49.36016423,0
rep,2008,Montana,47.11496702,49.49406393,0
rep,2008,Nebraska,41.59826578,56.53185337,0
dem,2008,Nevada,55.14667592,42.65411511,0
dem,2008,New Hampshire,54.12689706,44.52142847,0
dem,2008,New Jersey,57.13668955,41.60530478,0
dem,2008,New Mexico,56.90748026,41.77903483,0
dem,2008,New York,62.88414736,36.02656372,0
dem,2008,North Carolina,49.70438126,49.37550875,0
rep,2008,North Dakota,44.50301821,53.15291215,0
dem,2008,Ohio,51.3829227,46.80005404,0
rep,2008,Oklahoma,34.35491888,65.64508112,0
dem,2008,Oregon,56.74880626,40.40098169,0
dem,2008,Pennsylvania,54.46556515,44.15087019,0
dem,2008,Rhode Island,62.86400461,35.05784647,0
rep,2008,South Carolina,44.89656002,53.87364398,0
rep,2008,South Dakota,44.74743111,53.15897637,0
rep,2008,Tennessee,41.79264115,56.84812577,0
rep,2008,Texas,43.62913186,55.38382483,0
rep,2008,Utah,34.16802573,62.1514584,0
dem,2008,Vermont,67.4556832,30.44922872,0
dem,2008,Virginia,52.62946987,46.33050069,0
dem,2008,Washington,57.34354187,40.25911968,0
rep,2008,West Virginia,42.49017302,55.58008902,0
dem,2008,Wisconsin,56.21778652,42.31366249,0
rep,2008,Wyoming,32.54089799,64.7762882,0
dem,2008,Washington DC,92.45710976,6.532557466,0
rep,2004,Nationwide,48.26278198,50.72587976,0
rep,2004,Alabama,36.84373721,62.45956222,0
rep,2004,Alaska,35.51686191,61.06532991,0
rep,2004,Arizona,44.31938463,54.77371681,0
rep,2004,Arkansas,44.54763045,54.30595908,0
dem,2004,California,54.30334542,44.35588908,0
rep,2004,Colorado,47.02216798,51.694272,0
dem,2004,Connecticut,54.31370897,43.94727791,0
dem,2004,Delaware,53.33546513,45.74306499,0
rep,2004,Florida,47.09111003,52.09751623,0
rep,2004,Georgia,41.34231669,57.92903636,0
dem,2004,Hawaii,54.00955216,45.26459571,0
rep,2004,Idaho,30.2613264,68.38283089,0
dem,2004,Illinois,54.82316021,44.47862683,0
rep,2004,Indiana,39.26297467,59.94476504,0
rep,2004,Iowa,49.23313168,49.90065751,0
rep,2004,Kansas,36.62309431,62.00398062,0
rep,2004,Kentucky,39.68271997,59.54298224,0
rep,2004,Louisiana,42.2158647,56.72202134,0
dem,2004,Maine,53.57285569,44.57645744,0
dem,2004,Maryland,55.91424566,42.93427936,0
dem,2004,Massachusetts,61.93542893,36.77768896,0
dem,2004,Michigan,51.23070673,47.81205856,0
dem,2004,Minnesota,51.08968469,47.61353379,0
rep,2004,Mississippi,39.75250897,59.44132284,0
rep,2004,Missouri,46.10044652,53.29619194,0
rep,2004,Montana,38.56408663,59.06670071,0
rep,2004,Nebraska,32.68216082,65.8986412,0
rep,2004,Nevada,47.87804052,50.46969155,0
dem,2004,New Hampshire,50.24227651,48.87390112,0
dem,2004,New Jersey,52.91687442,46.23310245,0
rep,2004,New Mexico,49.04667964,49.83842476,0
dem,2004,New York,58.36454069,40.07826618,0
rep,2004,North Carolina,43.58314622,56.01719734,0
rep,2004,North Dakota,35.49881247,62.86133496,0
rep,2004,Ohio,48.70667751,50.81405027,0
rep,2004,Oklahoma,34.42959834,65.57040166,0
dem,2004,Oregon,51.34866304,47.19291674,0
dem,2004,Pennsylvania,50.92380914,48.42366615,0
dem,2004,Rhode Island,59.42342623,38.67143713,0
rep,2004,South Carolina,40.90293189,57.98087444,0
rep,2004,South Dakota,38.44364592,59.91113172,0
rep,2004,Tennessee,42.51259472,56.81170324,0
rep,2004,Texas,38.22417794,61.08569088,0
rep,2004,Utah,25.99564151,71.53594785,0
dem,2004,Vermont,58.93746258,38.80131536,0
rep,2004,Virginia,45.4838985,53.68236353,0
dem,2004,Washington,52.77262255,45.59835315,0
rep,2004,West Virginia,43.19971107,56.06367089,0
dem,2004,Wisconsin,49.69971708,49.31987146,0
rep,2004,Wyoming,29.07471614,68.86184005,0
dem,2004,Washington DC,89.18386896,9.339766066,0
dem,2000,Nationwide,48.38447561,47.86525068,2.735040133
rep,2000,Alabama,41.58928487,56.46518402,1.097066696
rep,2000,Alaska,27.66633982,58.62095532,10.06688612
rep,2000,Arizona,44.6734367,50.95139667,2.975334933
rep,2000,Arkansas,45.86425626,51.3071977,1.455985749
dem,2000,California,53.44957111,41.65136766,3.818279211
rep,2000,Colorado,42.39358205,50.75012993,5.250708496
dem,2000,Connecticut,55.90962813,38.44360323,4.415957246
dem,2000,Delaware,54.96212098,41.90438982,2.535544011
rep,2000,Florida,48.8378212,48.84682657,1.634851613
rep,2000,Georgia,42.98476127,54.67181967,0.517251206
dem,2000,Hawaii,55.79166791,37.4628687,5.876597699
rep,2000,Idaho,27.63779826,67.16963604,2.450455623
dem,2000,Illinois,54.59634851,42.58474527,2.188028442
rep,2000,Indiana,41.01210293,56.6468816,0.842585511
dem,2000,Iowa,48.53564596,48.22064774,2.232808311
rep,2000,Kansas,37.23839226,58.04166325,3.365553209
rep,2000,Kentucky,41.37439313,56.50170608,1.501890639
rep,2000,Louisiana,44.87533245,52.55106317,1.159512385
dem,2000,Maine,49.08601647,43.97185099,5.695923856
dem,2000,Maryland,56.56841835,40.1779825,2.654580643
dem,2000,Massachusetts,59.80379462,32.50119128,6.421199682
dem,2000,Michigan,51.2772547,46.14392525,1.988441923
dem,2000,Minnesota,47.90557206,45.50235065,5.19525892
rep,2000,Mississippi,40.70292665,57.61534024,0.81674416
rep,2000,Missouri,47.08427335,50.42281596,1.632066213
rep,2000,Montana,33.3642338,58.43789614,5.945785492
rep,2000,Nebraska,33.25303901,62.24536203,3.52070747
rep,2000,Nevada,45.97566383,49.52214395,2.46448922
rep,2000,New Hampshire,46.80317916,48.07030985,3.900674948
dem,2000,New Jersey,56.12560892,40.29124386,2.966655016
dem,2000,New Mexico,47.90855405,47.8474119,3.550087286
dem,2000,New York,60.22081404,35.21612231,3.577684552
rep,2000,North Carolina,43.20092111,56.02941267,0
rep,2000,North Dakota,33.05407834,60.65626659,3.294515154
rep,2000,Ohio,46.46073697,49.96770771,2.504687642
rep,2000,Oklahoma,38.42690457,60.30785211,0
dem,2000,Oregon,46.95938898,46.51837587,5.042934403
dem,2000,Pennsylvania,50.59855053,46.42930489,2.10440659
dem,2000,Rhode Island,60.98770019,31.91179921,6.123506521
rep,2000,South Carolina,40.90536264,56.83184502,1.465481794
rep,2000,South Dakota,37.56422539,60.29677268,0
rep,2000,Tennessee,47.28489472,51.14915318,0.952758936
rep,2000,Texas,37.98195809,59.29859947,2.153586416
rep,2000,Utah,26.34472218,66.83014295,4.651289516
dem,2000,Vermont,50.63470922,40.6971608,6.922679642
rep,2000,Virginia,44.43561054,52.47372919,2.168247825
dem,2000,Washington,50.13177324,44.55514727,4.138712484
rep,2000,West Virginia,45.59266437,51.91521993,1.647832822
dem,2000,Wisconsin,47.83281966,47.61316351,3.620016416
rep,2000,Wyoming,27.69898008,67.75650215,2.118149218
dem,2000,Washington DC,85.15508138,8.951727144,5.238392424
dem,1996,Nationwide,49.23376775,40.71513313,8.398180474
rep,1996,Alabama,43.1560877,50.12184321,6.005739242
rep,1996,Alaska,33.26711365,50.80125817,10.89851833
dem,1996,Arizona,46.51706595,44.2944165,7.980034249
dem,1996,Arkansas,53.73644915,36.80085766,7.903087546
dem,1996,California,51.09878912,38.2093529,6.96489959
rep,1996,Colorado,44.42643959,45.79639691,6.594872324
dem,1996,Connecticut,52.83158147,34.69080449,10.01878482
dem,1996,Delaware,51.77546443,36.54291659,10.59413318
dem,1996,Florida,48.01977603,42.31944152,9.123091885
rep,1996,Georgia,45.83803632,47.01216274,6.365049187
dem,1996,Hawaii,56.92880151,31.64028657,7.59691214
rep,1996,Idaho,33.64584244,52.18325914,12.71417212
dem,1996,Illinois,54.31527783,36.80995298,8.034715478
rep,1996,Indiana,41.54914081,47.13330855,10.50166632
dem,1996,Iowa,50.26096469,39.9201021,8.521281121
rep,1996,Kansas,36.0847994,54.29070092,8.6231965
dem,1996,Kentucky,45.84217849,44.88222146,8.669641134
dem,1996,Louisiana,52.00999575,39.94407943,6.911201435
dem,1996,Maine,51.62395589,30.76067384,14.18888029
dem,1996,Maryland,54.25477435,38.26949749,6.503113647
dem,1996,Massachusetts,61.47419513,28.08632716,8.886824665
dem,1996,Michigan,51.69482057,38.48459434,8.747301787
dem,1996,Minnesota,51.09995257,34.95676445,11.75313777
rep,1996,Mississippi,44.08110022,49.20675231,5.842321535
dem,1996,Missouri,47.53957828,41.24138986,10.06401568
rep,1996,Montana,41.23203548,44.11225234,13.56108245
rep,1996,Nebraska,34.95065802,53.65499731,10.52205812
dem,1996,Nevada,43.93349688,42.91471292,9.474044702
dem,1996,New Hampshire,49.32418491,39.37136275,9.693995092
dem,1996,New Jersey,53.72017815,35.86304342,8.522446304
dem,1996,New Mexico,49.18320224,41.85611987,5.80084665
dem,1996,New York,59.46960551,30.61197768,7.970989826
rep,1996,North Carolina,44.03553214,48.72941366,6.680122919
rep,1996,North Dakota,40.12784757,46.93875253,12.20482638
dem,1996,Ohio,47.37574745,41.01687223,10.65639063
rep,1996,Oklahoma,40.44913745,48.25629624,10.83836836
dem,1996,Oregon,47.15197132,39.05992335,8.798411915
dem,1996,Pennsylvania,49.17356802,39.97163412,9.564418863
dem,1996,Rhode Island,59.712927,26.82226276,11.20286766
rep,1996,South Carolina,43.85122714,49.88946955,5.601427457
rep,1996,South Dakota,43.0271195,46.48885513,9.650244267
dem,1996,Tennessee,47.99871179,45.59039758,5.591981437
rep,1996,Texas,43.83177194,48.75874165,6.745563332
rep,1996,Utah,33.29677643,54.3712789,9.984691172
dem,1996,Vermont,53.35443356,31.09007967,12.00391567
rep,1996,Virginia,45.14777116,47.10461872,6.61500545
dem,1996,Washington,49.84047205,37.30136651,8.918258064
dem,1996,West Virginia,51.5055958,36.75743449,11.25587037
dem,1996,Wisconsin,48.81095216,38.47741226,10.35161684
rep,1996,Wyoming,36.83586125,49.81211981,12.25498769
dem,1996,Washington DC,85.19001109,9.335795742,1.944261977
dem,1992,Nationwide,43.00609353,37.4469205,18.90688667
rep,1992,Alabama,40.8800635,47.6454036,10.84730401
rep,1992,Alaska,30.28711132,39.45749809,28.42525899
rep,1992,Arizona,36.51969125,38.47233972,23.78880785
dem,1992,Arkansas,53.20795285,35.48339931,10.42777964
dem,1992,California,46.00658784,32.61466938,20.62579542
dem,1992,Colorado,40.12802865,35.86905263,23.3249213
dem,1992,Connecticut,42.21397584,35.77934484,21.57793077
dem,1992,Delaware,43.50665263,35.31261325,20.43695101
rep,1992,Florida,39.00160169,40.89480038,19.81538057
dem,1992,Georgia,43.46868534,42.87785319,13.34076936
dem,1992,Hawaii,48.09275779,36.69704593,14.21594134
rep,1992,Idaho,28.41756163,42.03014879,27.04493697
dem,1992,Illinois,48.57967782,34.33746713,16.64334396
rep,1992,Indiana,36.79390564,42.90678013,19.77274531
dem,1992,Iowa,43.28583862,37.27213871,18.7115525
rep,1992,Kansas,33.73849414,38.8815246,26.99172857
dem,1992,Kentucky,44.55114207,41.34088017,13.66092839
dem,1992,Louisiana,45.58453914,40.97089581,11.8143012
dem,1992,Maine,38.7667973,30.39062603,30.43713089
dem,1992,Maryland,49.80091141,35.6210385,14.17669918
dem,1992,Massachusetts,47.54378286,29.02569032,22.79773318
dem,1992,Michigan,43.77368748,36.37564792,19.29534727
dem,1992,Minnesota,43.48465128,31.85083315,23.95734488
rep,1992,Mississippi,40.76806414,49.68389467,8.721390354
dem,1992,Missouri,44.06624951,33.91749754,21.6904412
dem,1992,Montana,37.62855842,35.12010151,26.11352351
rep,1992,Nebraska,29.39929635,46.57837391,23.62924618
dem,1992,Nevada,37.35755,34.72679225,26.18512476
dem,1992,New Hampshire,38.85899116,37.64027921,22.5556516
dem,1992,New Jersey,42.95395912,40.58103346,15.60682906
dem,1992,New Mexico,45.89884664,37.33846094,16.12232581
dem,1992,New York,49.72552756,33.87721103,15.74610668
rep,1992,North Carolina,42.6533683,43.44280874,13.70155254
rep,1992,North Dakota,32.18350517,44.21597167,23.06925905
dem,1992,Ohio,40.18130496,38.34663572,20.98043629
rep,1992,Oklahoma,34.0247375,42.64574833,23.00686369
dem,1992,Oregon,42.47885506,32.52721272,24.20898333
dem,1992,Pennsylvania,45.14616487,36.12721052,18.19962861
dem,1992,Rhode Island,47.03623991,29.02037144,23.16429904
rep,1992,South Carolina,39.87552878,48.02445184,11.54834777
rep,1992,South Dakota,37.14097081,40.65914458,21.79751022
dem,1992,Tennessee,47.08479309,42.43336403,10.08595619
rep,1992,Texas,37.07845833,40.56002111,22.01457649
rep,1992,Utah,24.6521492,43.36049479,27.33617447
dem,1992,Vermont,46.11375176,30.41825883,22.77900318
rep,1992,Virginia,40.59343447,44.96551913,13.62581659
dem,1992,Washington,43.39760426,31.95631558,23.6768157
dem,1992,West Virginia,48.41241402,35.39126912,15.91739785
dem,1992,Wisconsin,41.13074322,36.77649446,21.51143726
rep,1992,Wyoming,33.97383178,39.54990654,25.55165109
dem,1992,Washington DC,84.64090486,9.095143515,4.254038282
rep,1988,Nationwide,45.64618083,53.3727437,0
rep,1988,Alabama,39.86329831,59.16504894,0
rep,1988,Alaska,36.27096284,59.59093726,0
rep,1988,Arizona,38.74387412,59.95026765,0
rep,1988,Arkansas,42.19173217,56.3678362,0
rep,1988,California,47.55944737,51.12657307,0
rep,1988,Colorado,45.28240432,53.05888834,0
rep,1988,Connecticut,46.87451936,51.97756122,0
rep,1988,Delaware,43.4777563,55.87996366,0
rep,1988,Florida,38.50721693,60.87155909,0
rep,1988,Georgia,39.49842844,59.75287234,0
dem,1988,Hawaii,54.26944008,44.75104454,0
rep,1988,Idaho,36.01064142,62.07845113,0
rep,1988,Illinois,48.60455527,50.68826879,0
rep,1988,Indiana,39.68618767,59.84277566,0
dem,1988,Iowa,54.71192398,44.49647279,0
rep,1988,Kansas,42.55964489,55.79299608,0
rep,1988,Kentucky,43.88359469,55.52147912,0
rep,1988,Louisiana,44.0645571,54.2747153,0
rep,1988,Maine,43.88353888,55.3354293,0
rep,1988,Maryland,48.19903427,51.10758663,0
dem,1988,Massachusetts,53.22862878,45.37533163,0
rep,1988,Michigan,45.67207835,53.56769378,0
dem,1988,Minnesota,52.91283343,45.89572632,0
rep,1988,Mississippi,39.06714459,59.88983679,0
rep,1988,Missouri,47.85044916,51.83157305,0
rep,1988,Montana,46.19852656,52.07151725,0
rep,1988,Nebraska,39.19942268,60.15456571,0
rep,1988,Nevada,37.91788429,58.85730446,0
rep,1988,New Hampshire,36.33449864,62.49087176,0
rep,1988,New Jersey,42.59814238,56.24010946,0
rep,1988,New Mexico,46.90256999,51.8602996,0
dem,1988,New York,51.61957499,47.51806402,0
rep,1988,North Carolina,41.70631146,57.96829978,0
rep,1988,North Dakota,42.97200104,56.03123181,0
rep,1988,Ohio,44.14569592,55.00033116,0
rep,1988,Oklahoma,41.28165146,57.92879126,0
dem,1988,Oregon,51.2781124,46.61136695,0
rep,1988,Pennsylvania,48.3867405,50.70457962,0
dem,1988,Rhode Island,55.6381296,43.93282586,0
rep,1988,South Carolina,37.58119855,61.50481385,0
rep,1988,South Dakota,46.50612957,52.84976245,0
rep,1988,Tennessee,41.5458518,57.89048128,0
rep,1988,Texas,43.34936922,55.95355796,0
rep,1988,Utah,32.04643528,66.21896484,0
rep,1988,Vermont,47.5788323,51.0950015,0
rep,1988,Virginia,39.23140487,59.73519912,0
dem,1988,Washington,50.0476879,48.45642924,0
dem,1988,West Virginia,52.19811085,47.46055095,0
dem,1988,Wisconsin,51.41403025,47.79591058,0
rep,1988,Wyoming,38.01337857,60.53038499,0
dem,1988,Washington DC,82.6469719,14.3044531,0
rep,1984,Nationwide,40.55697873,58.77341808,0
rep,1984,Alabama,38.28078127,60.54249355,0
rep,1984,Alaska,29.86777775,66.65398232,0
rep,1984,Arizona,32.54264317,66.42148286,0
rep,1984,Arkansas,38.290785,60.46702533,0
rep,1984,California,41.26611725,57.51463138,0
rep,1984,Colorado,35.12279399,63.44218419,0
rep,1984,Connecticut,38.82998159,60.73195173,0
rep,1984,Delaware,39.93212136,59.78269409,0
rep,1984,Florida,34.66024697,65.31858104,0
rep,1984,Georgia,39.78552925,60.17263736,0
rep,1984,Hawaii,43.81591563,55.09965877,0
rep,1984,Idaho,26.39221295,72.36467029,0
rep,1984,Illinois,43.29655321,56.17459154,0
rep,1984,Indiana,37.68271379,61.67431459,0
rep,1984,Iowa,45.8870818,53.27211217,0
rep,1984,Kansas,32.59803658,66.27220788,0
rep,1984,Kentucky,39.37280959,60.0368781,0
rep,1984,Louisiana,38.17539263,60.77370692,0
rep,1984,Maine,38.78104074,60.83406852,0
rep,1984,Maryland,47.01639086,52.50505259,0
rep,1984,Massachusetts,48.43245803,51.21938164,0
rep,1984,Michigan,40.23607594,59.22602717,0
dem,1984,Minnesota,49.71884656,49.53841519,0
rep,1984,Mississippi,37.45958272,61.84662282,0
rep,1984,Missouri,39.97524933,60.02475067,0
rep,1984,Montana,38.17658185,60.47448208,0
rep,1984,Nebraska,28.80982686,70.55069086,0
rep,1984,Nevada,31.97263724,65.84992343,0
rep,1984,New Hampshire,30.95353178,68.6587617,0
rep,1984,New Jersey,39.19754794,60.09051973,0
rep,1984,New Mexico,39.22643233,59.70429846,0
rep,1984,New York,45.83070484,53.8396547,0
rep,1984,North Carolina,37.89196368,61.89689895,0
rep,1984,North Dakota,33.79896495,64.83974224,0
rep,1984,Ohio,40.14056587,58.90027287,0
rep,1984,Oklahoma,30.66714662,68.61085184,0
rep,1984,Oregon,43.73968123,55.90582189,0
rep,1984,Pennsylvania,45.98917667,53.34106792,0
rep,1984,Rhode Island,48.01701373,51.66483147,0
rep,1984,South Carolina,35.56590332,63.55328639,0
rep,1984,South Dakota,36.52879978,63.0033945,0
rep,1984,Tennessee,41.57224942,57.83972248,0
rep,1984,Texas,36.11394829,63.610613,0
rep,1984,Utah,24.67521948,74.50179145,0
rep,1984,Vermont,40.81241127,57.9230989,0
rep,1984,Virginia,37.09293848,62.28716107,0
rep,1984,Washington,42.85512578,55.82379201,0
rep,1984,West Virginia,44.59783457,55.11211811,0
rep,1984,Wisconsin,45.01988232,54.19490637,0
rep,1984,Wyoming,28.2428771,70.50982177,0
dem,1984,Washington DC,85.38487751,13.7296013,0
rep,1980,Nationwide,41.01288529,50.74950111,6.611803595
rep,1980,Alabama,47.44885907,48.75012016,1.228157376
rep,1980,Alaska,26.4079018,54.34819654,7.040297895
rep,1980,Arizona,28.24468359,60.60884838,8.805130758
rep,1980,Arkansas,47.52263062,48.13427223,2.682483625
rep,1980,California,35.91054357,52.69389546,8.615669875
rep,1980,Colorado,31.06791116,55.07056226,11.02932671
rep,1980,Connecticut,38.52220567,48.15595701,12.2170826
rep,1980,Delaware,44.87414498,47.20708794,6.911417757
rep,1980,Florida,38.49918606,55.51767197,5.144851162
dem,1980,Georgia,55.7590861,40.95032949,2.25701063
dem,1980,Hawaii,44.80211813,42.90061889,10.55798633
rep,1980,Idaho,25.19071579,66.45596677,6.185661281
rep,1980,Illinois,41.71640818,49.64605289,7.30051302
rep,1980,Indiana,37.65319244,56.00524167,4.979364711
rep,1980,Iowa,38.60416298,51.30500182,8.775625901
rep,1980,Kansas,33.28757546,57.85006047,6.963803653
rep,1980,Kentucky,47.61348249,49.07004102,2.404321863
rep,1980,Louisiana,45.74823178,51.1983474,1.701223887
rep,1980,Maine,42.2503542,45.60554176,10.19615266
dem,1980,Maryland,47.13812954,44.18096509,7.759643647
rep,1980,Massachusetts,41.74633898,41.89802472,15.15427259
rep,1980,Michigan,42.4974135,48.98618189,7.039446508
dem,1980,Minnesota,46.50077268,42.55657902,8.527973107
rep,1980,Mississippi,48.0922453,49.41509265,1.348390132
rep,1980,Missouri,44.34571659,51.15576353,3.71078719
rep,1980,Montana,32.4306502,56.82452631,8.045291687
rep,1980,Nebraska,26.03572733,65.5277177,7.020787886
rep,1980,Nevada,26.89392259,62.53585332,7.12064062
rep,1980,New Hampshire,28.35007383,57.73582744,12.94091912
rep,1980,New Jersey,38.55799204,51.97315978,7.884977034
rep,1980,New Mexico,36.78482894,54.96682645,6.456951102
rep,1980,New York,43.99209992,46.65995051,7.54279414
rep,1980,North Carolina,47.18285535,49.30497518,2.845083582
rep,1980,North Dakota,26.26108873,64.2341939,7.839625926
rep,1980,Ohio,40.90981354,51.51142625,5.940606541
rep,1980,Oklahoma,34.96766135,60.49970949,3.329888981
rep,1980,Oregon,38.66981065,48.33146568,9.512270676
rep,1980,Pennsylvania,42.47593062,49.58613404,6.421592366
dem,1980,Rhode Island,47.67011479,37.20341672,14.37707897
rep,1980,South Carolina,48.03596968,49.56919748,1.589739384
rep,1980,South Dakota,31.6918063,60.52523169,6.539763139
rep,1980,Tennessee,48.40771852,48.69888775,2.224940901
rep,1980,Texas,41.42002102,55.28193909,2.457549998
rep,1980,Utah,20.56628193,72.76911466,5.012065102
rep,1980,Vermont,38.40915167,44.36908732,14.89632142
rep,1980,Virginia,40.30874069,53.03279901,5.113417133
rep,1980,Washington,37.31607203,49.65834364,10.62176523
dem,1980,West Virginia,49.81083481,45.30286086,4.295832401
rep,1980,Wisconsin,43.18031551,47.89877447,7.067372684
rep,1980,Wyoming,27.97021159,62.6439481,6.831415912
dem,1980,Washington DC,74.89317898,13.40682849,9.276607491
dem,1976,Nationwide,50.07541135,48.01111051,0
dem,1976,Alabama,55.72726888,42.61487086,1
rep,1976,Alaska,35.65313092,57.9045754,2
rep,1976,Arizona,39.79997819,56.36613578,3
dem,1976,Arkansas,64.93587177,34.93038695,4
rep,1976,California,47.56868367,49.34773437,5
rep,1976,Colorado,42.5805288,54.05125169,6
rep,1976,Connecticut,46.89705442,52.06279143,7
dem,1976,Delaware,51.98402266,46.57131711,8
dem,1976,Florida,51.92610623,46.64243448,9
dem,1976,Georgia,66.74187609,32.96469132,10
dem,1976,Hawaii,50.59199934,48.06128369,11
rep,1976,Idaho,37.11854563,59.88026938,12
rep,1976,Illinois,48.13255735,50.10283263,13
rep,1976,Indiana,45.70038579,53.32274647,14
rep,1976,Iowa,48.4583829,49.46924348,15
rep,1976,Kansas,44.93639368,52.48782423,16
dem,1976,Kentucky,52.75424927,45.56874828,17
dem,1976,Louisiana,51.7322297,45.95025652,18
rep,1976,Maine,48.07018924,48.90647506,19
dem,1976,Maryland,53.03541992,46.96458008,20
dem,1976,Massachusetts,56.11157823,40.44170928,21
rep,1976,Michigan,46.43761791,51.83010656,22
dem,1976,Minnesota,54.89630146,42.02174333,23
dem,1976,Mississippi,49.56184361,47.68196943,24
dem,1976,Missouri,51.10498567,47.47353604,25
rep,1976,Montana,45.40418697,52.83998613,26
rep,1976,Nebraska,38.45718386,59.1943298,27
rep,1976,Nevada,45.80980404,50.16594345,28
rep,1976,New Hampshire,43.47089966,54.748276,29
rep,1976,New Jersey,47.92391503,50.08134094,30
rep,1976,New Mexico,48.28440433,50.74989798,31
dem,1976,New York,51.87236205,47.45319401,32
dem,1976,North Carolina,55.26918671,44.21940204,33
rep,1976,North Dakota,45.80301184,51.6570513,34
dem,1976,Ohio,48.92225514,48.65191605,35
rep,1976,Oklahoma,48.74722019,49.96177619,36
rep,1976,Oregon,47.61806276,47.78439346,37
dem,1976,Pennsylvania,50.39567935,47.73221531,38
dem,1976,Rhode Island,55.36298854,44.08128025,39
dem,1976,South Carolina,56.17099056,43.12765857,40
rep,1976,South Dakota,48.91212526,50.38779026,41
dem,1976,Tennessee,55.94074831,42.94176297,42
dem,1976,Texas,51.13895681,47.97042352,43
rep,1976,Utah,33.64942221,62.43703783,44
rep,1976,Vermont,43.14178489,54.34244497,45
rep,1976,Virginia,47.95821563,49.29332141,46
rep,1976,Washington,46.11426044,49.99774997,47
dem,1976,West Virginia,58.06968138,41.93031862,48
dem,1976,Wisconsin,49.50336357,47.8260973,49
rep,1976,Wyoming,39.80926553,59.30358251,50
dem,1976,Washington DC,81.63122668,16.5095066,51
rep,1972,Nationwide,37.52471026,60.67180978,0
rep,1972,Alabama,25.53670486,72.42879137,0
rep,1972,Alaska,34.62229177,58.12810468,0
rep,1972,Arizona,30.3807928,61.63870208,0
rep,1972,Arkansas,30.7101191,68.82420877,0
rep,1972,California,41.53805357,54.99727409,0
rep,1972,Colorado,34.59330485,62.60604015,0
rep,1972,Connecticut,40.12910711,58.56941927,0
rep,1972,Delaware,39.18332512,59.59552642,0
rep,1972,Florida,27.79861904,71.91465279,0
rep,1972,Georgia,24.64554824,75.03549625,0
rep,1972,Hawaii,37.52081221,62.47918779,0
rep,1972,Idaho,26.04106592,64.23888214,0
rep,1972,Illinois,40.51188634,59.03111765,0
rep,1972,Indiana,33.33607775,66.10843701,0
rep,1972,Iowa,40.47542139,57.60515978,0
rep,1972,Kansas,29.50425447,67.65804856,0
rep,1972,Kentucky,34.76902554,63.36736615,0
rep,1972,Louisiana,28.35421321,65.32171935,0
rep,1972,Maine,38.48434231,61.46077729,0
rep,1972,Maryland,37.35976635,61.2570283,0
dem,1972,Massachusetts,54.19569896,45.22929481,0
rep,1972,Michigan,41.81372795,56.20453683,0
rep,1972,Minnesota,46.06810086,51.57568791,0
rep,1972,Mississippi,19.62682073,78.19720325,0
rep,1972,Missouri,37.70566488,62.29433512,0
rep,1972,Montana,37.84504554,57.92640498,0
rep,1972,Nebraska,29.49752641,70.50247359,0
rep,1972,Nevada,36.31922362,63.68077638,0
rep,1972,New Hampshire,34.85462149,63.97792007,0
rep,1972,New Jersey,36.77433389,61.57360682,0
rep,1972,New Mexico,36.55679383,61.04873669,0
rep,1972,New York,41.20572535,58.54338905,0
rep,1972,North Carolina,28.88855086,69.46402373,0
rep,1972,North Dakota,35.78573618,62.06784688,0
rep,1972,Ohio,38.07008765,59.63257674,0
rep,1972,Oklahoma,23.99718419,73.69890281,0
rep,1972,Oregon,42.32573878,52.44766398,0
rep,1972,Pennsylvania,39.13131342,59.11278161,0
rep,1972,Rhode Island,46.81126866,53.00114476,0
rep,1972,South Carolina,27.92087095,70.57694577,0
rep,1972,South Dakota,45.52315274,54.15350585,0
rep,1972,Tennessee,29.74511773,67.69556986,0
rep,1972,Texas,33.23887311,66.19882893,0
rep,1972,Utah,26.39296433,67.64038322,0
rep,1972,Vermont,36.46721513,62.66461973,0
rep,1972,Virginia,30.12225647,67.8435216,0
rep,1972,Washington,38.63991292,56.91516521,0
rep,1972,West Virginia,36.38973818,63.61026182,0
rep,1972,Wisconsin,43.72488383,53.39928436,0
rep,1972,Wyoming,30.4719379,69.01421996,0
dem,1972,Washington DC,78.09706219,21.55536926,0
rep,1968,Nationwide,42.72109211,43.42046917,13.52611767
dem,1968,Alabama,18.72328956,13.99377284,65.8552057
rep,1968,Alaska,42.64587222,45.28210995,12.07201782
rep,1968,Arizona,35.0177436,54.77537089,9.56450129
rep,1968,Arkansas,30.33202644,31.01461638,38.65335717
rep,1968,California,44.73942049,47.81938078,6.719494643
rep,1968,Colorado,41.31834482,50.46172394,7.496680839
dem,1968,Connecticut,49.47820148,44.31673449,6.101579963
rep,1968,Delaware,41.60808333,45.11608596,13.2758307
rep,1968,Florida,30.93484109,40.53395984,28.53119908
rep,1968,Georgia,26.7495077,30.40241037,42.83488474
dem,1968,Hawaii,59.8277862,38.7036551,1.468558704
rep,1968,Idaho,30.65872664,56.79212042,12.54915294
rep,1968,Illinois,44.15421704,47.07558787,8.462754145
rep,1968,Indiana,37.9855029,50.28661276,11.4479348
rep,1968,Iowa,40.81568175,53.0087822,5.687151039
rep,1968,Kansas,34.7160749,54.84456045,10.18821402
rep,1968,Kentucky,37.64974292,43.79335785,18.28764846
dem,1968,Louisiana,28.21221924,23.46667274,48.32110802
dem,1968,Maine,55.30468066,43.0741902,1.621129141
dem,1968,Maryland,43.58647784,41.94159051,14.47193166
dem,1968,Massachusetts,63.00918794,32.88703087,3.734874035
dem,1968,Michigan,48.18395463,41.45678639,10.04062004
dem,1968,Minnesota,53.99638655,41.46294326,4.339349453
dem,1968,Mississippi,23.01633744,13.52403099,63.45963157
rep,1968,Missouri,43.7382219,44.87046712,11.39131098
rep,1968,Montana,41.58722176,50.59510794,7.293989884
rep,1968,Nebraska,31.8121788,59.8234892,8.364332003
rep,1968,Nevada,39.29372706,47.45749523,13.2487777
rep,1968,New Hampshire,43.92513934,52.10343795,3.758169385
rep,1968,New Jersey,43.96634202,46.09686669,9.118295052
rep,1968,New Mexico,39.74596753,51.84902271,7.863884552
dem,1968,New York,49.75607012,44.29900976,5.285132722
rep,1968,North Carolina,29.23559348,39.50833169,31.25607483
rep,1968,North Dakota,38.23149724,55.9415367,5.746282505
rep,1968,Ohio,42.94736619,45.2310757,11.80632967
rep,1968,Oklahoma,31.98626636,47.68356226,20.33017137
rep,1968,Oregon,43.78432985,49.83187372,6.061696733
dem,1968,Pennsylvania,47.58717908,44.01955969,7.973625548
dem,1968,Rhode Island,64.03064935,31.78155844,4.072207792
rep,1968,South Carolina,29.60889499,38.09128282,32.29922247
rep,1968,South Dakota,41.96164458,53.27414813,4.764207293
rep,1968,Tennessee,28.12976277,37.8492364,34.02100084
dem,1968,Texas,41.13793374,39.87275468,18.97343189
rep,1968,Utah,37.07450635,56.49457602,6.367259234
rep,1968,Vermont,43.52742187,52.75086119,3.162251245
rep,1968,Virginia,32.49283322,43.35827413,23.63827598
dem,1968,Washington,47.23192318,45.12141172,7.436280985
dem,1968,West Virginia,49.60063961,40.77864668,9.620713704
rep,1968,Wisconsin,44.26764282,47.88523817,7.557323572
rep,1968,Wyoming,35.51196887,55.75802838,8.730002751
dem,1968,Washington DC,81.81946089,18.18053911,0
dem,1964,Nationwide,61.05336975,38.46993481,0
rep,1964,Alabama,0,69.45102832,0
dem,1964,Alaska,65.90790824,34.09209176,0
rep,1964,Arizona,49.45254488,50.44719928,0
dem,1964,Arkansas,56.06395849,43.40697969,0
dem,1964,California,59.11195414,40.79451529,0
dem,1964,Colorado,61.26545395,38.19463929,0
dem,1964,Connecticut,67.80600011,32.08625135,0
dem,1964,Delaware,60.94973177,38.78303199,0
dem,1964,Florida,51.14854237,48.85145763,0
rep,1964,Georgia,45.86504771,54.11783706,0
dem,1964,Hawaii,78.7611388,21.2388612,0
dem,1964,Idaho,50.91682423,49.08317577,0
dem,1964,Illinois,59.4711367,40.52754495,0
dem,1964,Indiana,55.97842041,43.56068973,0
dem,1964,Iowa,61.8831461,37.91753585,0
dem,1964,Kansas,54.08875849,45.06102686,0
dem,1964,Kentucky,64.01451097,35.65387796,0
rep,1964,Louisiana,43.18543155,56.81456845,0
dem,1964,Maine,68.79579037,31.13705698,0
dem,1964,Maryland,65.46709815,34.5284234,0
dem,1964,Massachusetts,76.18660541,23.44453552,0
dem,1964,Michigan,66.70455702,33.09766595,0
dem,1964,Minnesota,63.75948721,36.00113737,0
rep,1964,Mississippi,12.8604459,87.1395541,0
dem,1964,Missouri,64.04958746,35.95041254,0
dem,1964,Montana,58.94813156,40.56735145,0
dem,1964,Nebraska,52.6071892,47.3928108,0
dem,1964,Nevada,58.58173414,41.41826586,0
dem,1964,New Hampshire,63.89047981,36.10952019,0
dem,1964,New Jersey,65.60667002,33.85742438,0
dem,1964,New Mexico,59.22103689,40.24174717,0
dem,1964,New York,68.56189947,31.30832129,0
dem,1964,North Carolina,56.15077513,43.84922487,0
dem,1964,North Dakota,57.96841197,41.87755671,0
dem,1964,Ohio,62.94299904,37.05700096,0
dem,1964,Oklahoma,55.74633324,44.25366676,0
dem,1964,Oregon,63.71789573,35.9630169,0
dem,1964,Pennsylvania,64.92131984,34.70380638,0
dem,1964,Rhode Island,80.86907927,19.12758818,0
rep,1964,South Carolina,41.10481824,58.89365724,0
dem,1964,South Dakota,55.61241548,44.38758452,0
dem,1964,Tennessee,55.50498013,44.4920477,0
dem,1964,Texas,63.31574674,36.49162425,0
dem,1964,Utah,54.86448003,45.13551997,0
dem,1964,Vermont,66.29938255,33.68835421,0
dem,1964,Virginia,53.54079137,46.18144871,0
dem,1964,Washington,61.96633284,37.3734661,0
dem,1964,West Virginia,67.93684662,32.06315338,0
dem,1964,Wisconsin,62.08858534,37.74023756,0
dem,1964,Wyoming,56.55847978,43.44152022,0
dem,1964,Washington DC,85.49776683,14.50223317,0
dem,1960,Nationwide,49.71632943,49.55241408,0.731256491
dem,1960,Alabama,56.38941101,42.1598553,1.450733693
rep,1960,Alaska,49.05862217,50.94137783,0
rep,1960,Arizona,44.36260794,55.51969806,0.117694001
dem,1960,Arkansas,50.18541034,43.0581388,6.756450856
rep,1960,California,49.55137708,50.09886918,0.349753742
rep,1960,Colorado,44.90740867,54.63418477,0.458406565
dem,1960,Connecticut,53.72999706,46.26877633,0.00122661
dem,1960,Delaware,50.63477779,48.99915092,0.366071292
rep,1960,Florida,48.48540581,51.51459419,0
dem,1960,Georgia,62.54020937,37.42720042,0.032590213
dem,1960,Hawaii,50.03113072,49.96886928,0
rep,1960,Idaho,46.21501082,53.78498918,0
dem,1960,Illinois,49.98195446,49.79576068,0.222284861
rep,1960,Indiana,44.59941181,55.0314701,0.369118088
rep,1960,Iowa,43.22190908,56.71026291,0.067828012
rep,1960,Kansas,39.1045676,60.44992329,0.445509111
rep,1960,Kentucky,46.40930507,53.59069493,0
dem,1960,Louisiana,50.42004429,28.59049055,20.98946516
rep,1960,Maine,42.95177738,57.04680006,0.001422566
dem,1960,Maryland,53.61335444,46.38636129,0.000284266
dem,1960,Massachusetts,60.22215203,39.55286133,0.224986637
dem,1960,Michigan,50.85050256,48.83606477,0.313432669
dem,1960,Minnesota,50.58301938,49.15502887,0.261951751
dem,1960,Mississippi,36.34223315,24.67074263,38.98702422
dem,1960,Missouri,50.25795819,49.74204181,0
rep,1960,Montana,48.59553496,51.09932668,0.305138357
rep,1960,Nebraska,37.92919531,62.07080469,0
dem,1960,Nevada,51.16205357,48.83794643,0
rep,1960,New Hampshire,46.58220658,53.41779342,0
dem,1960,New Jersey,49.9588729,49.16225856,0.878868534
dem,1960,New Mexico,50.15219844,49.41483155,0.432970007
dem,1960,New York,52.53111371,47.26898447,0.199901825
dem,1960,North Carolina,52.1086459,47.8913541,0
rep,1960,North Dakota,44.52198211,55.42127134,0.056746555
rep,1960,Ohio,46.71585462,53.28414538,0
rep,1960,Oklahoma,40.98001439,59.01998561,0
rep,1960,Oregon,47.31994627,52.55653827,0.123515464
dem,1960,Pennsylvania,51.05884482,48.7353644,0.205790784
dem,1960,Rhode Island,63.62755373,36.37219969,0.000246588
dem,1960,South Carolina,51.23743173,48.76230967,0.000258606
rep,1960,South Dakota,41.78643792,58.21356208,0
rep,1960,Tennessee,45.77454478,52.91702162,1.308433607
dem,1960,Texas,50.5203186,48.51879032,0.96089108
rep,1960,Utah,45.16785025,54.80546237,0.026687376
rep,1960,Vermont,41.34852143,58.64729507,0.0041835
rep,1960,Virginia,46.96707106,52.43651881,0.596410132
rep,1960,Washington,48.26929087,50.68356889,1.047140238
dem,1960,West Virginia,52.7328741,47.2671259,0
rep,1960,Wisconsin,48.04890688,51.77169157,0.179401555
rep,1960,Wyoming,44.98515435,55.01484565,0
rep,1960,Washington DC,0,0,0
rep,1956,Nationwide,41.96581344,57.36543815,0.668748413
dem,1956,Alabama,56.52251792,39.38527304,4.092209044
rep,1956,Alaska,0,0,0
rep,1956,Arizona,38.90093151,60.99464802,0.104420466
dem,1956,Arkansas,52.45737532,45.81894474,1.723679939
rep,1956,California,44.27328631,55.38732848,0.339385203
rep,1956,Colorado,39.81410823,59.49245484,0.693436932
rep,1956,Connecticut,36.260978,63.72067126,0.018350743
rep,1956,Delaware,44.62154752,55.09191631,0.286536171
rep,1956,Florida,42.72927007,57.27072993,0
dem,1956,Georgia,66.4818834,32.65388557,0.864231024
rep,1956,Hawaii,0,0,0
rep,1956,Idaho,38.78104979,61.16693347,0.052016748
rep,1956,Illinois,40.28858692,59.52087021,0.190542875
rep,1956,Indiana,39.69944399,59.90108411,0.399471895
rep,1956,Iowa,40.65062646,59.06433364,0.285039901
rep,1956,Kansas,34.20714511,65.44099058,0.351864315
rep,1956,Kentucky,45.21263422,54.29771163,0.489654158
rep,1956,Louisiana,39.50763023,53.28316687,7.209202907
rep,1956,Maine,29.13456125,70.86543875,0
rep,1956,Maryland,39.96488447,60.03511553,0
rep,1956,Massachusetts,40.37417831,59.32269281,0.303128883
rep,1956,Michigan,44.1458246,55.62943683,0.224738579
rep,1956,Minnesota,46.08378327,53.67905344,0.237163294
dem,1956,Mississippi,58.23033742,24.4550653,17.31459728
dem,1956,Missouri,50.10870028,49.89129972,0
rep,1956,Montana,42.86520314,57.13479686,0
rep,1956,Nebraska,34.48557275,65.51442725,0
rep,1956,Nevada,42.03166855,57.96833145,0
rep,1956,New Hampshire,33.84495532,66.11347071,0.041573968
rep,1956,New Jersey,34.22826924,64.68358242,1.088148349
rep,1956,New Mexico,41.78303915,57.8073927,0.409568142
rep,1956,New York,38.77962358,61.18898076,0.031395665
dem,1956,North Carolina,50.66352549,49.33647451,0
rep,1956,North Dakota,38.08875118,61.72108461,0.190164218
rep,1956,Ohio,38.88579019,61.11420981,0
rep,1956,Oklahoma,44.86891255,55.13108745,0
rep,1956,Oregon,44.75330922,55.24669078,0
rep,1956,Pennsylvania,43.30312905,56.48968219,0.207188764
rep,1956,Rhode Island,41.74030149,58.25918253,0.000515981
dem,1956,South Carolina,45.36916592,25.18439167,29.44644241
rep,1956,South Dakota,41.61479903,58.38520097,0
rep,1956,Tennessee,48.59538601,49.21077619,2.193837795
rep,1956,Texas,43.97536237,55.25922441,0.765413222
rep,1956,Utah,35.43885388,64.56114612,0
rep,1956,Vermont,27.81380329,72.16070285,0.025493862
rep,1956,Virginia,38.36224064,55.36836405,6.26939531
rep,1956,Washington,45.44330513,53.90876097,0.647933902
rep,1956,West Virginia,45.92197451,54.07802549,0
rep,1956,Wisconsin,37.84237674,61.58066967,0.576953587
rep,1956,Wyoming,39.92201536,60.07798464,0
rep,1956,Washington DC,0,0,0
rep,1952,Nationwide,44.33073538,55.1813075,0
dem,1952,Alabama,64.55341218,35.02088614,0
rep,1952,Alaska,0,0,0
rep,1952,Arizona,41.65022835,58.34977165,0
dem,1952,Arkansas,55.9041502,43.76358696,0
rep,1952,California,42.26532747,56.82913912,0
rep,1952,Colorado,38.96251883,60.27300299,0
rep,1952,Connecticut,43.90957881,55.70296952,0
rep,1952,Delaware,47.87530527,51.75061054,0
rep,1952,Florida,44.97456377,54.98995792,0
dem,1952,Georgia,69.65857125,30.34127627,0
rep,1952,Hawaii,0,0,0
rep,1952,Idaho,34.42082894,65.41879803,0
rep,1952,Illinois,44.94295767,54.8380985,0
rep,1952,Indiana,40.99216243,58.11100456,0
rep,1952,Iowa,35.58658641,63.75498218,0
rep,1952,Kansas,30.49613576,68.77096431,0
dem,1952,Kentucky,49.91491701,49.84443406,0
dem,1952,Louisiana,52.92214764,47.07785236,0
rep,1952,Maine,33.77223653,66.04953011,0
rep,1952,Maryland,43.82534027,55.36397236,0
rep,1952,Massachusetts,45.46135392,54.22195538,0
rep,1952,Michigan,43.97414843,55.43962821,0
rep,1952,Minnesota,44.10768382,55.32587208,0
dem,1952,Mississippi,60.43665859,39.56334141,0
rep,1952,Missouri,49.14373842,50.70811633,0
rep,1952,Montana,40.07478201,59.38567068,0
rep,1952,Nebraska,30.84620936,69.15379064,0
rep,1952,Nevada,38.55456868,61.44543132,0
rep,1952,New Hampshire,39.07785309,60.92214691,0
rep,1952,New Jersey,41.98715962,56.81266052,0
rep,1952,New Mexico,44.28225374,55.39210756,0
rep,1952,New York,43.55353586,55.45288101,0
dem,1952,North Carolina,53.91011718,46.08988282,0
rep,1952,North Dakota,28.39183051,70.97106176,0
rep,1952,Ohio,43.24430292,56.75569708,0
rep,1952,Oklahoma,45.4105654,54.5894346,0
rep,1952,Oregon,38.92892546,60.54378118,0
rep,1952,Pennsylvania,46.85185602,52.73532739,0
rep,1952,Rhode Island,49.0455925,50.88926846,0
dem,1952,South Carolina,50.72151891,49.27848109,0
rep,1952,South Dakota,30.72756496,69.27243504,0
rep,1952,Tennessee,49.71245405,49.98549106,0
rep,1952,Texas,46.68849768,53.12652641,0
rep,1952,Utah,41.0749073,58.9250927,0
rep,1952,Vermont,28.23381546,71.45034092,0
rep,1952,Virginia,43.3567483,56.32454344,0
rep,1952,Washington,44.69406225,54.33052086,0
dem,1952,West Virginia,51.9236493,48.0763507,0
rep,1952,Wisconsin,38.70764043,60.95323417,0
rep,1952,Wyoming,37.08597999,62.70512414,0
rep,1952,Washington DC,0,0,0
dem,1948,Nationwide,49.55321386,45.06900851,2.371830881
rep,1948,Alabama,0,19.03898037,0.707972835
rep,1948,Alaska,0,0,0
dem,1948,Arizona,53.7943693,43.82401943,1.869370005
dem,1948,Arkansas,61.72141458,21.01618724,0.309722652
dem,1948,California,47.5721975,47.12796448,4.734034591
dem,1948,Colorado,51.87670916,46.52499723,1.186832467
rep,1948,Connecticut,47.91039911,49.54669854,1.55209062
rep,1948,Delaware,48.76072279,50.03703091,0.754999173
dem,1948,Florida,48.81700289,33.63323021,2.011623096
dem,1948,Georgia,60.80895206,18.31365638,0.390673506
rep,1948,Hawaii,0,0,0
dem,1948,Idaho,49.98231044,47.25625652,2.314538954
dem,1948,Illinois,50.0675695,49.22390454,0
rep,1948,Indiana,48.77588283,49.5756587,0.582593795
dem,1948,Iowa,50.31244221,47.58078808,1.167805739
rep,1948,Kansas,44.61124795,53.62941308,0.583530569
dem,1948,Kentucky,56.73755072,41.47653095,0.190480127
dem,1948,Louisiana,32.74854925,17.45152953,0.728978517
rep,1948,Maine,42.26610622,56.73725117,0.711509919
rep,1948,Maryland,48.01478043,49.40450954,1.672936898
dem,1948,Massachusetts,54.6610439,43.156478,1.810837977
rep,1948,Michigan,47.56559154,49.23163487,2.204910957
dem,1948,Minnesota,57.16475311,39.89495358,2.298746273
dem,1948,Mississippi,10.08585254,2.623965867,0.117071648
dem,1948,Missouri,58.10837005,41.49419623,0.253257892
dem,1948,Montana,53.09080694,43.14734392,3.260685399
rep,1948,Nebraska,45.84713871,54.15265677,0
dem,1948,Nevada,50.37429367,47.26081427,2.364892059
rep,1948,New Hampshire,46.66220187,52.41055997,0.851192534
rep,1948,New Jersey,45.93125098,50.32553583,2.189371421
dem,1948,New Mexico,56.37886701,42.92831827,0.554358692
rep,1948,New York,44.99802703,45.98465777,8.247290363
dem,1948,North Carolina,58.02133191,32.68061915,0.494812369
rep,1948,North Dakota,43.40963048,52.16613204,3.801718045
dem,1948,Ohio,49.48078572,49.23872754,1.280486746
dem,1948,Oklahoma,62.74703817,37.25296183,0
rep,1948,Oregon,46.39501603,49.7832392,2.857960617
rep,1948,Pennsylvania,46.91717704,50.92695122,1.476808951
dem,1948,Rhode Island,57.59378948,41.43612184,0.799201714
dem,1948,South Carolina,24.14446136,3.777766867,0.108016357
rep,1948,South Dakota,47.04144259,51.83862778,1.11992963
dem,1948,Tennessee,49.1387159,36.87448095,0.338734796
dem,1948,Texas,65.96112124,24.28557824,0.313706158
dem,1948,Utah,53.98056496,45.02343425,0.969580717
rep,1948,Vermont,36.92353828,61.53733932,1.036617983
dem,1948,Virginia,47.89102601,41.04175015,0.488245845
dem,1948,Washington,52.61148721,42.68395762,3.501650169
dem,1948,West Virginia,57.320601,42.23719533,0.442203673
dem,1948,Wisconsin,50.69783835,46.28438283,1.980106516
dem,1948,Wyoming,51.61843727,47.2733547,0.917919645
rep,1948,Washington DC,0,0,0
dem,1944,Nationwide,53.38572,45.89258765,0
dem,1944,Alabama,81.27627756,18.19868188,0
rep,1944,Alaska,0,0,0
dem,1944,Arizona,58.79797143,40.89614485,0
dem,1944,Arkansas,69.95172666,29.84259511,0
dem,1944,California,56.47925587,42.97127845,0
rep,1944,Colorado,46.39859496,53.20995012,0
dem,1944,Connecticut,52.30183055,46.93890552,0
dem,1944,Delaware,54.3757628,45.26686928,0
dem,1944,Florida,70.32379318,29.67620682,0
dem,1944,Georgia,81.73716661,18.25003276,0
rep,1944,Hawaii,0,0,0
dem,1944,Idaho,51.55457203,48.06860566,0
dem,1944,Illinois,51.5224869,48.04967021,0
rep,1944,Indiana,46.73208575,52.38297437,0
rep,1944,Iowa,47.48968981,51.99197415,0
rep,1944,Kansas,39.17517062,60.24944942,0
dem,1944,Kentucky,54.45069309,45.2170186,0
dem,1944,Louisiana,80.5889239,19.391327,0
rep,1944,Maine,47.44635628,52.44062078,0
dem,1944,Maryland,51.85236318,48.14763682,0
dem,1944,Massachusetts,52.80330908,46.99170945,0
dem,1944,Michigan,50.19442478,49.17520813,0
dem,1944,Minnesota,52.40771228,46.8593879,0
dem,1944,Mississippi,93.55786317,6.442136828,0
dem,1944,Missouri,51.37153301,48.42840009,0
dem,1944,Montana,54.28178727,44.92922765,0
rep,1944,Nebraska,41.41985985,58.58014015,0
dem,1944,Nevada,54.62071763,45.37928237,0
dem,1944,New Hampshire,52.11190322,47.86719332,0
dem,1944,New Jersey,50.30520516,48.9537678,0
dem,1944,New Mexico,53.46625062,46.43652488,0
dem,1944,New York,52.30859149,47.29671605,0
dem,1944,North Carolina,66.71258383,33.28741617,0
rep,1944,North Dakota,45.48464603,53.83769888,0
rep,1944,Ohio,49.81716151,50.18283849,0
dem,1944,Oklahoma,55.56725654,44.20261376,0
dem,1944,Oregon,51.78309976,46.93666731,0
dem,1944,Pennsylvania,51.13530567,48.35715677,0
dem,1944,Rhode Island,58.59340542,41.26191208,0
dem,1944,South Carolina,87.64304716,4.45949214,0
rep,1944,South Dakota,41.67212465,58.32787535,0
dem,1944,Tennessee,60.44876364,39.22344583,0
dem,1944,Texas,71.42335554,16.6408625,0
dem,1944,Utah,60.44160938,39.42146996,0
rep,1944,Vermont,42.93201235,57.0568199,0
dem,1944,Virginia,62.36431265,37.3870291,0
dem,1944,Washington,56.84434002,42.2372035,0
dem,1944,West Virginia,54.88809328,45.11190672,0
rep,1944,Wisconsin,48.5690198,50.37008495,0
rep,1944,Wyoming,48.76554174,51.23445826,0
rep,1944,Washington DC,0,0,0
dem,1940,Nationwide,54.72428023,44.77472656,0
dem,1940,Alabama,85.21747406,14.33761926,0
rep,1940,Alaska,0,0,0
dem,1940,Arizona,63.49482468,36.01063723,0
dem,1940,Arkansas,79.01745017,20.98254983,0
dem,1940,California,57.44074797,41.34308373,0
rep,1940,Colorado,48.37013938,50.92421913,0
dem,1940,Connecticut,53.43825096,46.29789815,0
dem,1940,Delaware,54.701776,45.052576,0
dem,1940,Florida,74.01440189,25.98559811,0
dem,1940,Georgia,84.84823277,14.83277929,0
rep,1940,Hawaii,0,0,0
dem,1940,Idaho,54.36198803,45.30931079,0
dem,1940,Illinois,50.97124541,48.53654691,0
rep,1940,Indiana,49.02899851,50.45393429,0
rep,1940,Iowa,47.62100656,52.0285002,0
rep,1940,Kansas,42.39524257,56.86047958,0
dem,1940,Kentucky,57.44622295,42.30052063,0
dem,1940,Louisiana,85.88415412,14.0868374,0
rep,1940,Maine,48.77135021,51.10054856,0
dem,1940,Maryland,58.25421857,40.83124658,0
dem,1940,Massachusetts,53.10931019,46.35931155,0
rep,1940,Michigan,49.52186771,49.85390203,0
dem,1940,Minnesota,51.486747,47.65662714,0
dem,1940,Mississippi,95.70195195,4.188279188,0
dem,1940,Missouri,52.26922844,47.4993306,0
dem,1940,Montana,58.77929424,40.17339525,0
rep,1940,Nebraska,42.81318703,57.18681297,0
dem,1940,Nevada,60.0763531,39.9236469,0
dem,1940,New Hampshire,53.22085303,46.77914697,0
dem,1940,New Jersey,51.54784259,47.93156277,0
dem,1940,New Mexico,56.58634275,43.28051163,0
dem,1940,New York,51.50413445,47.94943598,0
dem,1940,North Carolina,74.03105581,25.96894419,0
rep,1940,North Dakota,44.17629775,55.05832072,0
dem,1940,Ohio,52.20436566,47.79563434,0
dem,1940,Oklahoma,57.40814706,42.22548208,0
dem,1940,Oregon,53.69773917,45.62276619,0
dem,1940,Pennsylvania,53.22841955,46.33440835,0
dem,1940,Rhode Island,56.728362,43.17417515,0
dem,1940,South Carolina,95.63065951,4.367337126,0
rep,1940,South Dakota,42.59095345,57.40904655,0
dem,1940,Tennessee,67.25048439,32.35377939,0
dem,1940,Texas,80.92031256,18.91384053,0
dem,1940,Utah,62.25390305,37.58832051,0
rep,1940,Vermont,44.92387916,54.78114384,0
dem,1940,Virginia,68.07739024,31.55244989,0
dem,1940,Washington,58.21690456,40.57818206,0
dem,1940,West Virginia,57.09891761,42.90108239,0
dem,1940,Wisconsin,50.14656476,48.32411019,0
dem,1940,Wyoming,52.82163222,46.89326443,0
rep,1940,Washington DC,0,0,0
dem,1936,Nationwide,60.79904302,36.54319931,0
dem,1936,Alabama,86.38302193,12.82276314,0
rep,1936,Alaska,0,0,0
dem,1936,Arizona,69.84528402,26.92670119,0
dem,1936,Arkansas,81.79832017,17.85668504,0
dem,1936,California,66.95396005,31.69641538,0
dem,1936,Colorado,60.37050528,37.0928862,0
dem,1936,Connecticut,55.32304556,40.34685395,0
dem,1936,Delaware,54.62410758,44.85474479,0
dem,1936,Florida,76.08205673,23.897481,0
dem,1936,Georgia,87.10203358,12.60053619,0
rep,1936,Hawaii,0,0,0
dem,1936,Idaho,62.96207237,33.19156184,0
dem,1936,Illinois,57.70216872,39.69124903,0
dem,1936,Indiana,56.63430244,41.8905601,0
dem,1936,Iowa,54.40956024,42.70262607,0
dem,1936,Kansas,53.66984243,45.95269401,0
dem,1936,Kentucky,58.51225321,39.91574229,0
dem,1936,Louisiana,88.81550619,11.15629302,0
rep,1936,Maine,41.52412569,55.49007363,0
dem,1936,Maryland,62.34829476,37.03576275,0
dem,1936,Massachusetts,51.22462653,41.76434246,0
dem,1936,Michigan,56.32901926,38.76426654,0
dem,1936,Minnesota,61.84304962,31.01493396,0
dem,1936,Mississippi,97.03408124,2.754992537,0
dem,1936,Missouri,60.75805177,38.16458725,0
dem,1936,Montana,69.27621989,27.58988686,0
dem,1936,Nebraska,57.14339754,40.74368897,0
dem,1936,Nevada,72.80833789,27.19166211,0
dem,1936,New Hampshire,49.72628992,47.97582915,0
dem,1936,New Jersey,59.53790216,39.56863105,0
dem,1936,New Mexico,62.69333554,36.49548292,0
dem,1936,New York,58.84538591,38.96559894,0
dem,1936,North Carolina,73.39695329,26.59828176,0
dem,1936,North Dakota,59.6048459,26.5790089,0
dem,1936,Ohio,57.99463518,37.43806407,0
dem,1936,Oklahoma,66.83236855,32.69426735,0
dem,1936,Oregon,64.42499294,29.63762708,0
dem,1936,Pennsylvania,56.88121523,40.84161466,0
dem,1936,Rhode Island,53.10079761,40.17989704,0
dem,1936,South Carolina,98.57411402,1.425885981,0
dem,1936,South Dakota,54.01785112,42.49490643,0
dem,1936,Tennessee,68.78167465,30.8114178,0
dem,1936,Texas,87.08022256,12.3168843,0
dem,1936,Utah,69.34100066,29.79319448,0
rep,1936,Vermont,43.23504235,56.38775411,0
dem,1936,Virginia,70.22923578,29.3899997,0
dem,1936,Washington,66.38072733,29.88309178,0
dem,1936,West Virginia,60.55606094,39.20235678,0
dem,1936,Wisconsin,63.80180524,30.25902619,0
dem,1936,Wyoming,60.57534194,37.47170687,0
rep,1936,Washington DC,0,0,0
dem,1932,Nationwide,57.40906712,39.64920505,2.226013519
dem,1932,Alabama,84.73878559,14.132641,0.827375955
rep,1932,Alaska,0,0,0
dem,1932,Arizona,67.03029996,30.53166569,2.213934766
dem,1932,Arkansas,85.96313055,12.90657502,0.575348428
dem,1932,California,58.38522271,37.3860102,2.79100304
dem,1932,Colorado,54.81302,41.42859016,2.96943823
rep,1932,Connecticut,47.39819214,48.54060113,3.44674957
rep,1932,Delaware,48.11206278,50.55136801,1.218766884
dem,1932,Florida,74.68072629,25.03873275,0.280540955
dem,1932,Georgia,91.59904535,7.771430807,0.180366994
rep,1932,Hawaii,0,0,0
dem,1932,Idaho,58.66255861,38.26764903,0.281848627
dem,1932,Illinois,55.23312419,42.04187532,1.973575717
dem,1932,Indiana,54.66670302,42.94326878,1.356308821
dem,1932,Iowa,57.6855888,39.9766757,1.974269958
dem,1932,Kansas,53.56259896,44.12976118,2.307639859
dem,1932,Kentucky,59.05765958,40.15164847,0.391938258
dem,1932,Louisiana,92.78805375,7.013660511,0
rep,1932,Maine,43.19302784,55.83325515,0.833992307
dem,1932,Maryland,61.50308969,36.04002708,2.052424988
dem,1932,Massachusetts,50.63862481,46.63960955,2.171045887
dem,1932,Michigan,52.36174475,44.444351,2.35498704
dem,1932,Minnesota,59.91027509,36.2927198,2.540377706
dem,1932,Mississippi,95.98312722,3.547119164,0.469753619
dem,1932,Missouri,63.69400718,35.07765108,1.017085597
dem,1932,Montana,58.798313,36.06723978,3.645157267
dem,1932,Nebraska,62.9817044,35.28572957,1.732215239
dem,1932,Nevada,69.40864108,30.59135892,0
rep,1932,New Hampshire,48.98793305,50.42282989,0.460782406
dem,1932,New Jersey,49.48459047,47.58613624,2.637812158
dem,1932,New Mexico,62.72113241,35.76177724,1.171457594
dem,1932,New York,54.0662763,41.33338765,3.783570155
dem,1932,North Carolina,69.93187641,29.28232005,0.785803534
dem,1932,North Dakota,69.58913731,28.00421398,1.373834328
dem,1932,Ohio,49.87856972,47.02861754,2.45596476
dem,1932,Oklahoma,73.29602786,26.70397214,0
dem,1932,Oregon,57.98979415,36.88070758,4.189171601
rep,1932,Pennsylvania,45.32591022,50.8377061,3.1905335
dem,1932,Rhode Island,55.0790848,43.30540632,1.178945787
dem,1932,South Carolina,98.02695222,1.894508989,0.078538795
dem,1932,South Dakota,63.62372503,34.39630007,0.537723878
dem,1932,Tennessee,66.48789513,32.47919315,0.460210733
dem,1932,Texas,88.06174472,11.34538455,0.515388696
dem,1932,Utah,56.51618275,41.04744939,1.978429455
rep,1932,Vermont,41.0760695,57.6609724,1.119141481
dem,1932,Virginia,68.46265381,30.08538575,0.799484463
dem,1932,Washington,57.45802796,33.93627992,2.778075971
dem,1932,West Virginia,54.46869614,44.46659872,0.690128991
dem,1932,Wisconsin,63.45576996,31.19290497,4.788178772
dem,1932,Wyoming,56.07351334,40.82320909,2.917637838
rep,1932,Washington DC,0,0,0
rep,1928,Nationwide,40.79404197,58.21567199,0
dem,1928,Alabama,51.32761134,48.4876356,0
rep,1928,Alaska,0,0,0
rep,1928,Arizona,42.23047757,57.56788744,0
dem,1928,Arkansas,60.29348535,39.32916188,0
rep,1928,California,34.19491544,64.69368649,0
rep,1928,Colorado,33.9410364,64.72330857,0
rep,1928,Connecticut,45.57477166,53.63010826,0
rep,1928,Delaware,34.60445175,65.02913373,0
rep,1928,Florida,40.11605446,56.83199697,0
dem,1928,Georgia,56.55573884,43.3622217,0
rep,1928,Hawaii,0,0,0
rep,1928,Idaho,34.92520176,64.2215638,0
rep,1928,Illinois,42.27905553,56.93152896,0
rep,1928,Indiana,39.58949254,59.68350414,0
rep,1928,Iowa,37.57455505,61.77085634,0
rep,1928,Kansas,27.06155356,72.0235558,0
rep,1928,Kentucky,40.48449229,59.35933639,0
dem,1928,Louisiana,76.28814871,23.70351151,0
rep,1928,Maine,30.96414172,68.62810913,0
rep,1928,Maryland,42.32551273,57.06068727,0
dem,1928,Massachusetts,50.24378527,49.15418269,0
rep,1928,Michigan,28.91678486,70.35993476,0
rep,1928,Minnesota,40.8301544,57.7745485,0
dem,1928,Mississippi,82.09991298,17.90008702,0
rep,1928,Missouri,44.14957877,55.57861854,0
rep,1928,Montana,40.48158757,58.36956746,0
rep,1928,Nebraska,36.18042051,63.19086018,0
rep,1928,Nevada,43.46484869,56.53515131,0
rep,1928,New Hampshire,41.0226828,58.65305936,0
rep,1928,New Jersey,39.79118112,59.76903034,0
rep,1928,New Mexico,40.85193282,59.01418476,0
rep,1928,New York,47.43623267,49.78507027,0
rep,1928,North Carolina,45.06447296,54.93552704,0
rep,1928,North Dakota,44.46130564,54.79745025,0
rep,1928,Ohio,34.45338083,64.88522716,0
rep,1928,Oklahoma,35.4405613,63.71746382,0
rep,1928,Oregon,34.13837508,64.18069525,0
rep,1928,Pennsylvania,33.88505718,65.23758891,0
dem,1928,Rhode Island,50.15852003,49.54678449,0
dem,1928,South Carolina,91.39275563,8.538736244,0
rep,1928,South Dakota,39.20340634,60.18482806,0
rep,1928,Tennessee,46.04000847,53.75584982,0
rep,1928,Texas,48.10049097,51.76819713,0
rep,1928,Utah,45.8570919,53.57666631,0
rep,1928,Vermont,32.87201071,66.8713154,0
rep,1928,Virginia,45.89563725,53.90688962,0
rep,1928,Washington,31.30181295,67.05614568,0
rep,1928,West Virginia,41.03977895,58.42860077,0
rep,1928,Wisconsin,44.280613,53.51970976,0
rep,1928,Wyoming,35.37031448,63.67839681,0
rep,1928,Washington DC,0,0,0
rep,1924,Nationwide,28.81947328,54.03111112,16.61528022
dem,1924,Alabama,69.68556558,25.01616827,4.952111115
rep,1924,Alaska,0,0,0
rep,1924,Arizona,35.47139709,41.25958275,23.26902016
dem,1924,Arkansas,61.20968441,29.28132128,9.508994312
rep,1924,California,8.231063265,57.20024963,33.12653093
rep,1924,Colorado,21.98270321,57.02419213,20.43621808
rep,1924,Connecticut,27.5256998,61.53511785,10.59618531
rep,1924,Delaware,36.7992518,57.7003906,5.478351763
dem,1924,Florida,56.87652308,28.06401964,7.901680195
dem,1924,Georgia,73.95979037,18.1897861,7.61869886
rep,1924,Hawaii,0,0,0
rep,1924,Idaho,16.35658653,47.1216157,36.52179777
rep,1924,Illinois,23.35867812,58.83731089,17.49049722
rep,1924,Indiana,38.68664482,55.2536565,5.635064721
rep,1924,Iowa,16.41962796,55.0240077,28.09750504
rep,1924,Kansas,23.59695919,61.53951822,14.86306974
rep,1924,Kentucky,45.97574976,48.93295001,4.717710086
dem,1924,Louisiana,76.43889759,20.22943641,0
rep,1924,Maine,21.83441558,72.03213453,5.922202797
rep,1924,Maryland,41.28823579,45.2873435,13.1492067
rep,1924,Massachusetts,24.85588629,62.26349465,12.49959065
rep,1924,Michigan,13.12965403,75.37199925,10.51465031
rep,1924,Minnesota,6.800860188,51.17813624,41.25690571
dem,1924,Mississippi,89.34039942,7.552773381,3.106827195
rep,1924,Missouri,43.78986175,49.58003239,6.434457376
rep,1924,Montana,19.38104493,42.50471555,37.90956468
rep,1924,Nebraska,29.57711888,47.09127847,22.98733446
rep,1924,Nevada,21.94940753,41.762936,36.28765648
rep,1924,New Hampshire,34.71587495,59.8261809,5.457944152
rep,1924,New Jersey,27.41448826,62.16509112,10.02698699
rep,1924,New Mexico,43.02224586,48.51989719,8.457856953
rep,1924,New York,29.13032382,55.76262301,14.55030256
dem,1924,North Carolina,58.89323723,39.72615795,1.377911566
rep,1924,North Dakota,6.960985729,47.68461079,45.16854948
rep,1924,Ohio,23.70197551,58.33292416,17.75327008
dem,1924,Oklahoma,48.40854253,42.81521153,8.776245943
rep,1924,Oregon,24.18314919,51.01435482,24.47439604
rep,1924,Pennsylvania,19.07788423,65.34167891,14.33979066
rep,1924,Rhode Island,36.45908193,59.62734693,3.63039288
dem,1924,South Carolina,96.56368222,2.212720681,1.221626734
rep,1924,South Dakota,13.34883356,49.68852395,36.96264249
dem,1924,Tennessee,52.85523949,43.54406768,3.534075012
dem,1924,Texas,73.70317364,19.77509053,6.521735824
rep,1924,Utah,29.93884961,49.25600357,20.80514682
rep,1924,Vermont,15.66699379,78.21642683,5.794960988
dem,1924,Virginia,62.48423538,32.78682659,4.640835055
rep,1924,Washington,10.1629941,52.24161367,35.75551122
rep,1924,West Virginia,44.07208282,49.45242281,6.291826434
rep,1924,Wisconsin,8.100962625,37.06046197,53.95622876
rep,1924,Wyoming,16.10513141,52.38798498,31.5068836
rep,1924,Washington DC,0,0,0
rep,1920,Nationwide,34.12042418,60.34788046,3.412659853
dem,1920,Alabama,61.68101511,37.105802,0.922756591
rep,1920,Alaska,0,0,0
rep,1920,Arizona,44.38869024,55.61130976,0
dem,1920,Arkansas,58.48984682,38.72694501,2.783208177
rep,1920,California,24.27742175,66.20327313,6.787352365
rep,1920,Colorado,35.93046468,59.32073973,2.754979404
rep,1920,Connecticut,33.02737485,62.71592644,2.831597897
rep,1920,Delaware,42.06693017,55.71330698,1.041370224
dem,1920,Florida,62.13233023,30.78850365,3.561892079
dem,1920,Georgia,72.05815111,27.62917238,0.312676511
rep,1920,Hawaii,0,0,0
rep,1920,Idaho,34.34421636,65.60417035,0.02801864
rep,1920,Illinois,25.51159729,67.81259876,3.568363032
rep,1920,Indiana,40.48919843,55.13775531,1.955954406
rep,1920,Iowa,25.46370053,70.9067996,1.897144619
rep,1920,Kansas,32.51940146,64.74773723,2.719710758
dem,1920,Kentucky,49.69291428,49.25563553,0.697664799
dem,1920,Louisiana,69.24190639,30.48988892,0
rep,1920,Maine,29.80236555,68.92185605,1.11908613
rep,1920,Maryland,42.15870022,55.11048144,2.071687482
rep,1920,Massachusetts,27.84401611,68.54590538,3.247098271
rep,1920,Michigan,22.26703077,72.7639256,2.76103551
rep,1920,Minnesota,19.43280994,70.5890427,7.624776106
dem,1920,Mississippi,83.98026475,14.03287592,1.986859332
rep,1920,Missouri,43.12717587,54.55897359,1.518757503
rep,1920,Montana,32.05032234,61.13202909,0
rep,1920,Nebraska,31.25021228,64.66427864,2.50821047
rep,1920,Nevada,36.22490255,56.92064426,6.854453188
rep,1920,New Hampshire,39.38727277,59.8370754,0.775651824
rep,1920,New Jersey,28.41849541,67.65260641,3.002512327
rep,1920,New Mexico,44.27451948,54.67810182,0
rep,1920,New York,26.95306179,64.5561017,7.010525742
dem,1920,North Carolina,56.69465697,43.21940463,0.082782993
rep,1920,North Dakota,18.18579426,77.78944095,4.024764793
rep,1920,Ohio,38.58411904,58.46809517,2.826746232
rep,1920,Oklahoma,44.60512525,50.10809478,5.286779968
rep,1920,Oregon,33.54784884,60.2007362,4.10905493
rep,1920,Pennsylvania,27.19629972,65.75653023,3.809262146
rep,1920,Rhode Island,32.77870712,63.9733065,2.590173889
dem,1920,South Carolina,96.05137109,3.906717758,0.041911148
rep,1920,South Dakota,19.72047389,60.74068383,0
rep,1920,Tennessee,48.19073038,51.2869028,0.522366819
dem,1920,Texas,59.33881444,23.53644679,1.668786641
rep,1920,Utah,38.83959185,55.92547385,2.166250651
rep,1920,Vermont,23.25340981,75.82396816,0
dem,1920,Virginia,61.32926982,37.85990416,0.349352162
rep,1920,Washington,21.14242002,55.96403446,2.235431323
rep,1920,West Virginia,43.29688474,55.30177942,1.101693918
rep,1920,Wisconsin,16.17356833,71.09514031,11.49826032
rep,1920,Wyoming,31.86288848,64.15173675,0
rep,1920,Washington DC,0,0,0
dem,1916,Nationwide,49.24601908,46.11160868,3.183107048
dem,1916,Alabama,76.04262285,21.9249128,1.465638578
rep,1916,Alaska,0,0,0
dem,1916,Arizona,57.16895607,35.37339929,5.470433119
dem,1916,Arkansas,65.96611485,28.73477402,4.114541692
dem,1916,California,46.64741903,46.26996918,4.291503727
dem,1916,Colorado,60.74428875,34.75430998,3.413673036
rep,1916,Connecticut,46.65644258,49.80222,2.421519212
rep,1916,Delaware,47.77649102,50.20459371,0.926462073
dem,1916,Florida,69.3437709,18.09770357,6.630415934
dem,1916,Georgia,79.50784474,7.028833527,0.585632402
rep,1916,Hawaii,0,0,0
dem,1916,Idaho,52.04026297,41.1306318,5.991902834
rep,1916,Illinois,43.33588573,52.56283671,2.799918092
rep,1916,Indiana,46.47199408,47.43770588,3.040281116
rep,1916,Iowa,42.88646352,54.24939645,2.123247392
dem,1916,Kansas,49.94942943,44.08578419,3.919417351
dem,1916,Kentucky,51.9136663,46.50367735,0.910253329
dem,1916,Louisiana,85.9037233,6.954034114,0.314039276
rep,1916,Maine,46.9746321,50.99109409,1.597047992
dem,1916,Maryland,52.80091895,44.78226524,1.020458787
rep,1916,Massachusetts,46.61133591,50.53926804,2.079228027
rep,1916,Michigan,44.05328639,52.09079332,2.47629318
rep,1916,Minnesota,46.2490061,46.35020291,5.193306554
dem,1916,Mississippi,92.78141188,4.906609444,1.712064052
dem,1916,Missouri,50.59070706,46.94376621,1.857216032
dem,1916,Montana,56.8795412,37.56774858,5.382740785
dem,1916,Nebraska,55.27974523,40.99020239,2.485425404
dem,1916,Nevada,53.35574499,36.39992796,9.199783888
dem,1916,New Hampshire,49.12203934,49.05920765,1.478788695
rep,1916,New Jersey,42.67800875,54.40112288,2.104392426
dem,1916,New Mexico,50.1998892,46.64380793,2.988605567
rep,1916,New York,44.50704886,51.52877123,2.69260185
dem,1916,North Carolina,58.09615816,41.70993841,0.175617161
dem,1916,North Dakota,47.84296733,46.33937083,4.953635497
dem,1916,Ohio,51.85548535,44.1815454,3.26945822
dem,1916,Oklahoma,50.65146914,33.25160046,15.45401072
rep,1916,Oregon,45.89604433,48.46665393,3.711446589
rep,1916,Pennsylvania,40.22101424,54.25324445,3.286692587
rep,1916,Rhode Island,45.99845131,51.08180742,2.179557256
dem,1916,South Carolina,96.70690518,2.42369277,0.211095822
rep,1916,South Dakota,45.90513564,49.80301221,2.91603977
dem,1916,Tennessee,56.31360447,42.69921746,0.933906462
dem,1916,Texas,76.92456391,17.45122308,5.091271301
dem,1916,Utah,58.7826415,37.81942911,3.115700054
rep,1916,Vermont,35.21985266,62.4272974,1.237689027
dem,1916,Virginia,66.77229986,32.05101564,0.689646215
dem,1916,Washington,48.13409135,43.88730531,5.98434621
rep,1916,West Virginia,48.43954846,49.37830341,2.121772491
rep,1916,Wisconsin,42.79768481,49.38609008,6.179579276
dem,1916,Wyoming,54.62191358,41.85570988,2.802854938
rep,1916,Washington DC,0,0,0
dem,1912,Nationwide,41.83486595,23.18252192,27.38756706
dem,1912,Alabama,69.94035752,8.243897887,19.24170053
rep,1912,Alaska,0,0,0
dem,1912,Arizona,43.5207824,12.73501391,29.29348284
dem,1912,Arkansas,55.00543548,20.45098478,17.30080573
dem,1912,California,41.80817295,0.577333821,41.83383878
dem,1912,Colorado,42.80275779,21.8772482,27.09307554
dem,1912,Connecticut,39.1593664,35.88369992,17.92451839
dem,1912,Delaware,46.47595186,32.85415041,18.24865487
dem,1912,Florida,69.5221984,8.417097783,8.960009442
dem,1912,Georgia,76.63373673,4.273483165,18.09911912
rep,1912,Hawaii,0,0,0
dem,1912,Idaho,32.07538249,31.02483121,24.13809407
dem,1912,Illinois,35.33916782,22.12519402,33.71899356
dem,1912,Indiana,43.07122972,23.11275925,24.75377173
dem,1912,Iowa,37.64044716,24.33300295,32.86625937
dem,1912,Kansas,39.29943101,20.47406718,32.88379473
dem,1912,Kentucky,48.48182296,25.51500506,22.47909276
dem,1912,Louisiana,76.81077125,4.836715122,11.71386029
dem,1912,Maine,39.42687442,20.47593335,37.40743598
dem,1912,Maryland,48.57035706,23.68987115,24.91109186
dem,1912,Massachusetts,35.53027618,31.95282518,29.14167812
rep,1912,Michigan,27.36071989,27.63169358,38.94616099
dem,1912,Minnesota,31.84319264,19.24905526,37.65674603
dem,1912,Mississippi,88.89784905,2.419242281,5.503776189
dem,1912,Missouri,47.3464211,29.74965859,17.80433059
dem,1912,Montana,35.00238018,23.19043921,28.13118533
dem,1912,Nebraska,43.69355828,21.7353487,29.13264631
dem,1912,Nevada,39.70171514,15.88864032,27.93934874
dem,1912,New Hampshire,39.47658621,37.43363536,20.22941986
dem,1912,New Jersey,41.20012294,20.5285403,33.60224061
dem,1912,New Mexico,41.39055412,35.91420933,16.90497408
dem,1912,New York,41.27474714,28.67737193,24.56017855
dem,1912,North Carolina,59.24409023,11.94622783,28.34149181
dem,1912,North Dakota,34.13605914,26.66897667,29.71355971
dem,1912,Ohio,40.96388563,26.82186957,22.15874357
dem,1912,Oklahoma,46.94859358,35.77054464,0
dem,1912,Oregon,34.34325744,25.30137186,27.4372446
dem,1912,Pennsylvania,32.48955439,22.44821538,36.5345198
dem,1912,Rhode Island,39.04280176,35.56499859,21.66790767
dem,1912,South Carolina,95.93691102,1.063386569,2.565221704
dem,1912,South Dakota,42.07350097,0,50.55748979
dem,1912,Tennessee,52.80014925,24.00439799,21.45054439
dem,1912,Texas,72.73194202,9.453969474,8.862475064
rep,1912,Utah,32.54764828,37.46018187,21.50979659
rep,1912,Vermont,24.43270424,37.12803539,35.21848445
dem,1912,Virginia,65.94731924,17.00151851,15.89840556
dem,1912,Washington,26.90218991,21.82317789,35.22253786
dem,1912,West Virginia,42.10759296,21.11164016,29.42848215
dem,1912,Wisconsin,41.06006625,32.65104069,15.61297581
dem,1912,Wyoming,36.19727634,34.42405901,21.82712313
rep,1912,Washington DC,0,0,0
rep,1908,Nationwide,43.04436916,51.56969406,2.826551444
dem,1908,Alabama,70.74615794,24.3086199,1.378956178
rep,1908,Alaska,0,0,0
rep,1908,Arizona,0,0,0
dem,1908,Arkansas,57.31382804,37.29630752,3.847927178
rep,1908,California,32.97801069,55.45775058,7.413145989
dem,1908,Colorado,47.9970287,46.87862411,3.016774174
rep,1908,Connecticut,35.923117,59.42800903,2.691010142
rep,1908,Delaware,45.94121691,52.10490137,0.497844064
dem,1908,Florida,63.01458671,21.58427877,7.591166937
dem,1908,Georgia,54.60212522,31.21037855,0.440741412
rep,1908,Hawaii,0,0,0
rep,1908,Idaho,37.16814159,54.0850832,6.578068309
rep,1908,Illinois,39.02258724,54.52757575,3.004620629
rep,1908,Indiana,46.90747525,48.39556471,1.868744158
rep,1908,Iowa,40.57873472,55.62373552,1.674923045
rep,1908,Kansas,42.88089247,52.45859778,3.303665952
dem,1908,Kentucky,49.74170554,48.03380346,0.834082234
dem,1908,Louisiana,84.62531784,11.92539638,3.346779025
rep,1908,Maine,33.29352242,62.99559886,1.653250075
rep,1908,Maryland,48.59242614,48.84606194,0.973877609
rep,1908,Massachusetts,34.04170105,58.20856651,2.359061453
rep,1908,Michigan,32.44024879,61.93455512,2.138309064
rep,1908,Minnesota,33.02133388,59.1127786,4.38479463
dem,1908,Mississippi,90.10970943,6.521284228,1.461796006
rep,1908,Missouri,48.40912551,48.49698363,2.155387351
rep,1908,Montana,42.61137427,46.98061666,8.507454012
dem,1908,Nebraska,49.1377404,47.60025337,1.320844531
dem,1908,Nevada,45.71475169,43.93296909,8.574573922
rep,1908,New Hampshire,37.56138393,59.31808036,1.449776786
rep,1908,New Jersey,39.07465249,56.795494,2.194125165
rep,1908,New Mexico,0,0,0
rep,1908,New York,40.74025697,53.10647908,2.346934416
dem,1908,North Carolina,54.2173159,45.49007341,0.147295232
rep,1908,North Dakota,34.78973816,61.02089394,2.561227189
rep,1908,Ohio,44.82369074,51.02857469,3.013235231
dem,1908,Oklahoma,47.98868944,43.32602566,8.523705502
rep,1908,Oregon,34.31269107,56.38972306,6.618330042
rep,1908,Pennsylvania,35.40826068,58.84090102,2.675766302
rep,1908,Rhode Island,34.1634747,60.76302944,1.887522989
dem,1908,South Carolina,93.83690625,5.943144669,0.150650055
rep,1908,South Dakota,35.08255282,58.84208234,2.479634067
dem,1908,Tennessee,52.72882806,45.8733183,0.727117194
dem,1908,Texas,73.97338617,22.35385029,2.679085094
rep,1908,Utah,39.22274498,56.18848572,4.506826991
rep,1908,Vermont,21.82232346,75.07972665,0
dem,1908,Virginia,60.51581367,38.35552475,0.186043118
rep,1908,Washington,31.91827234,57.68032239,7.709961442
rep,1908,West Virginia,43.16770307,53.41585789,1.425388892
rep,1908,Wisconsin,36.6740677,54.51686798,6.193763327
rep,1908,Wyoming,39.66603738,55.42822197,4.560078705
rep,1908,Washington DC,0,0,0
rep,1904,Nationwide,37.58849753,56.41777008,2.978241558
dem,1904,Alabama,73.35294388,20.65725973,0.784115457
rep,1904,Alaska,0,0,0
rep,1904,Arizona,0,0,0
dem,1904,Arkansas,55.34568506,40.25047028,1.55985604
rep,1904,California,26.93881487,61.83778376,8.899354582
rep,1904,Colorado,41.08270714,55.26435668,1.766345053
rep,1904,Connecticut,38.14668704,58.12282868,2.376941108
rep,1904,Delaware,44.11483035,54.05189712,0.332907698
dem,1904,Florida,68.33484046,21.48042889,6.037979589
dem,1904,Georgia,63.72131373,18.32562259,0.149634312
rep,1904,Hawaii,0,0,0
rep,1904,Idaho,25.46226129,65.83675494,6.818870732
rep,1904,Illinois,30.43254104,58.76874944,6.43056798
rep,1904,Indiana,40.21563066,53.98667517,1.760959271
rep,1904,Iowa,30.70934986,63.39486477,3.05476524
rep,1904,Kansas,26.22770201,64.81444846,4.829848947
dem,1904,Kentucky,49.81580287,47.12900222,0.825560964
dem,1904,Louisiana,88.49892409,9.655338725,1.845737182
rep,1904,Maine,28.49015182,67.43967925,2.166496604
rep,1904,Maryland,48.809922,48.8326666,1.002100531
rep,1904,Massachusetts,37.23717112,57.92334013,3.056330023
rep,1904,Michigan,25.78762616,69.51204414,1.722197144
rep,1904,Minnesota,18.84415762,73.97766851,3.992351294
dem,1904,Mississippi,91.07474328,5.585735938,0.786771342
rep,1904,Missouri,46.02111325,49.92521678,2.020467151
rep,1904,Montana,33.78592266,54.20520142,8.807646949
rep,1904,Nebraska,23.44417274,61.3816384,3.283539773
rep,1904,Nevada,32.86834503,56.65703673,7.635163021
rep,1904,New Hampshire,37.79239361,60.07364603,1.208948437
rep,1904,New Jersey,38.04580774,56.67915857,2.216406541
rep,1904,New Mexico,0,0,0
rep,1904,New York,42.2792486,53.13072934,2.27986673
dem,1904,North Carolina,59.71138207,39.67028843,0.059667594
rep,1904,North Dakota,20.38592282,75.12069015,2.869426115
rep,1904,Ohio,34.31664697,59.74703129,3.610140652
rep,1904,Oklahoma,0,0,0
rep,1904,Oregon,19.43452315,67.05747942,8.451094793
rep,1904,Pennsylvania,27.32979823,67.99734463,1.767795604
rep,1904,Rhode Island,36.178921,60.5992193,1.392449313
dem,1904,South Carolina,95.36449073,4.633694982,0
rep,1904,South Dakota,21.66674885,71.09127669,3.094827161
dem,1904,Tennessee,54.23398558,43.40391349,0.557775489
dem,1904,Texas,71.4505487,21.89754196,1.192694267
rep,1904,Utah,32.86352191,61.4190731,5.67216146
rep,1904,Vermont,18.84250694,77.97371261,1.655488745
dem,1904,Virginia,61.8426501,36.94501955,0.154896097
rep,1904,Washington,19.35777225,69.95473679,6.905222837
rep,1904,West Virginia,42.02536815,55.26155692,0.655454902
rep,1904,Wisconsin,28.00936314,63.2135955,6.368378206
rep,1904,Wyoming,29.08036994,66.72202683,3.490946984
rep,1904,Washington DC,0,0,0
rep,1900,Nationwide,45.51501565,51.64422695,0
dem,1900,Alabama,60.82270871,34.82453723,0
rep,1900,Alaska,0,0,0
rep,1900,Arizona,0,0,0
dem,1900,Arkansas,63.45862074,35.03667902,0
rep,1900,California,41.34222904,54.49725124,0
dem,1900,Colorado,55.43295635,42.03642145,0
rep,1900,Connecticut,41.07439163,56.9227781,0
rep,1900,Delaware,44.89747315,53.66881802,0
dem,1900,Florida,71.30822972,18.5502787,0
dem,1900,Georgia,66.86434396,28.21843341,0
rep,1900,Hawaii,0,0,0
dem,1900,Idaho,50.78910108,46.96273785,0
rep,1900,Illinois,44.44406161,52.83033704,0
rep,1900,Indiana,46.61749692,50.60473367,0
rep,1900,Iowa,39.45753316,58.03810655,0
rep,1900,Kansas,45.96286811,52.56440698,0
dem,1900,Kentucky,50.21216619,48.50501319,0
dem,1900,Louisiana,79.03278061,20.9613289,0
rep,1900,Maine,34.83863643,61.88867759,0
rep,1900,Maryland,46.22627953,51.50056347,0
rep,1900,Massachusetts,37.84847784,57.58526919,0
rep,1900,Michigan,38.88559257,58.09720801,0
rep,1900,Minnesota,35.69303628,60.21320789,0
dem,1900,Mississippi,87.55566844,9.663872661,0
dem,1900,Missouri,51.47647355,45.94298887,0
dem,1900,Montana,58.42990479,39.79109246,0
rep,1900,Nebraska,47.22404009,50.46390258,0
dem,1900,Nevada,62.24990192,37.75009808,0
rep,1900,New Hampshire,38.42297865,59.3293924,0
rep,1900,New Jersey,41.09412791,55.28163571,0
rep,1900,New Mexico,0,0,0
rep,1900,New York,43.82710547,53.10017428,0
dem,1900,North Carolina,53.92249366,45.46626191,0
rep,1900,North Dakota,39.64211076,55.24603401,0
rep,1900,Ohio,45.65852589,52.29613691,0
rep,1900,Oklahoma,0,0,0
rep,1900,Oregon,39.41093801,55.46119566,0
rep,1900,Pennsylvania,36.15993727,60.74487943,0
rep,1900,Rhode Island,35.03572186,59.74393436,0
dem,1900,South Carolina,92.95638825,7.043611745,0
rep,1900,South Dakota,41.1385294,56.72880862,0
dem,1900,Tennessee,53.03439714,44.95289564,0
dem,1900,Texas,63.11735024,30.83293605,0
rep,1900,Utah,48.29539967,50.58429643,0
rep,1900,Vermont,22.85810859,75.72938163,0
dem,1900,Virginia,55.28939321,43.81737116,0
rep,1900,Washington,41.69580745,53.43551207,0
rep,1900,West Virginia,44.7503578,54.27136361,0
rep,1900,Wisconsin,35.96895826,60.05862134,0
rep,1900,Wyoming,41.17146676,58.66245392,0
rep,1900,Washington DC,0,0,0
